<!DOCTYPE hibernate-configuration PUBLIC "-//Hibernate/Hibernate Configuration DTD 3.0//EN" "http://hibernate.sourceforge.net/hibernate-configuration-3.0.dtd">
<hibernate-configuration>
    <session-factory>
        <!-- Database connection settings -->
        <property name="hibernate.connection.driver_class">org.h2.Driver</property>
        <property name="hibernate.connection.url">jdbc:h2:mem:testdb;DB_CLOSE_DELAY=-1</property>
        <property name="hibernate.connection.username">sa</property>
        <property name="hibernate.connection.password"></property>

        <!-- Specify dialect -->
        <property name="hibernate.dialect">org.hibernate.dialect.H2Dialect</property>

        <!-- Enable Hibernate's automatic session context management -->
        <property name="hibernate.current_session_context_class">thread</property>

        <!-- Echo all executed SQL to stdout -->
        <property name="hibernate.show_sql">true</property>

        <!-- Drop and re-create the database schema on startup -->
        <property name="hibernate.hbm2ddl.auto">update</property>

        <!-- Mention annotated class -->
        <mapping class="com.example.Employee"/>
    </session-factory>
</hibernate-configuration>
